status,manifest_group,root,experiment,variant,condition,seed,alpha,score_key,spearman_rho,avg_spearman_rho,vun,uniqueness,avg_uniqueness,min_uniqueness,validity,novelty,mae,avg_mae,slope,avg_slope,protocol,warning,output_dir,actual_mean,actual_std,avg_tanimoto,bin_summary,int_div,intercept,logp_mae,logp_mean,logp_rho,logp_slope,logp_std,logp_uniqueness,mae_tail_avg,mae_tail_hi,mae_tail_lo,min_bin_uniqueness,min_spearman_rho,molwt_mae,molwt_rho,molwt_slope,molwt_uniqueness,mw_mean,mw_std,n_unique_scaffolds,nn_sim_mean,num_generated,pearson_r,qed_mae,qed_mean,qed_rho,qed_slope,qed_std,qed_uniqueness,sa_mean,sa_score_mae,sa_score_rho,sa_score_slope,sa_score_uniqueness,sa_std,scaffold_diversity,spearman_pval,target_mean
complete_pass,,final,exp_A1_multi4,A1,multi4,42,alpha=2.0,avg_spearman_rho,,0.06856549280646791,,,0.7987594559455945,0.7854785478547854,,,,21.81775498623864,,0.06630257163796564,"multi4, pos=hybrid, bin=on",legacy_multi4_qed_binning,outputs/final/exp_A1_multi4,,,,,,,1.749294853802601,,0.001623681495985019,-0.0007413695989417232,,0.7854785478547854,,,,,-0.07536523426908205,83.28109429537315,-0.021020452029443824,-0.058439777625613684,0.8064806480648065,,,,,,,0.3224318711423563,,0.36902397602841247,0.40344598655712754,,0.8168,,1.918198924636454,-0.07536523426908205,-0.07905455278070955,0.7862786278627862,,,,
complete_pass,,final,exp_A2_multi4,A2,multi4,42,alpha=5.0,avg_spearman_rho,,0.07284717226106605,,,0.8681375612561256,0.7434743474347435,,,,25.893444662529312,,0.11221901732146218,"multi4, pos=prop, bin=on",legacy_multi4_qed_binning,outputs/final/exp_A2_multi4,,,,,,,1.7395508275567406,,0.025549636084379792,0.04303102876463073,,0.7434743474347435,,,,,-0.026276041123018647,100.28315315319986,0.09512820159362062,0.1513237123669215,0.9680968096809681,,,,,,,0.2235214156643622,,0.1969868924892824,0.2666760142282262,,0.9701,,1.3275532536962846,-0.026276041123018647,-0.012154686073929692,0.7908790879087909,,,,
complete_fail,,final,exp_A3_multi4,A3,multi4,42,alpha=1.0,avg_spearman_rho,,0.07474605021793358,,,0.008100580058005801,0.007100710071007101,,,,53.06137844847016,,-0.09732802470457433,"multi4, pos=hybrid, bin=on",legacy_multi4_qed_binning; quality_gate_failed,outputs/final/exp_A3_multi4,,,,,,,2.3710500354431714,,-0.7848976637672451,-0.7388072034732488,,0.007500750075007501,,,,,-0.7848976637672451,208.41900171172514,0.19393015212960713,0.12640180341300597,0.008600860086008601,,,,,,,0.25244009050252336,,0.5140264257339134,0.19273537580019173,,0.0092,,1.2030219562097901,0.3759252867754589,0.030357925441753718,0.007100710071007101,,,,
complete_fail,,final,exp_A4_multi4,A4,multi4,42,alpha=1.5,avg_spearman_rho,,0.1254779616838847,,,0.0113756100610061,0.0079007900790079,,,,52.08946569705789,,0.0155492858472789,"multi4, pos=hybrid, bin=on",legacy_multi4_qed_binning; quality_gate_failed,outputs/final/exp_A4_multi4,,,,,,,1.746489735570944,,-0.15898952090667162,-0.2496570813693406,,0.008000800080008,,,,,-0.15898952090667162,205.29015692724667,0.027131711772908785,0.06839868650306379,0.008500850085008501,,,,,,,0.2508710860717224,,0.4431731916431819,0.1718023322306768,,0.0211,,1.070345039342222,0.19059646422611978,0.07165320602471559,0.0079007900790079,,,,
complete_pass,,final,exp_A6_multi4,A6,multi4,42,alpha=3.0,avg_spearman_rho,,0.3866429286127738,,,0.9274441419141914,0.9024902490249025,,,,13.596537440361626,,0.5425478167151606,"multi4, pos=hybrid, bin=on",legacy_multi4_qed_binning,outputs/final/exp_A6_multi4,,,,,,,1.3841929085454556,,0.2008990060712367,0.2037132647799793,,0.9024902490249025,,,,,0.2008990060712367,51.609153301505735,0.6649684842749203,0.9432827590791433,0.9518951895189519,,,,,,,0.1923866464649533,,0.4315047796153269,0.6718207194171951,,0.9441,,1.200416904930357,0.2491994444896113,0.3513745235843248,0.9112911291129113,,,,
complete_pass,,final,exp_A8_multi4,A8,multi4,42,alpha=5.0,avg_spearman_rho,,0.3708222391261278,,,0.7301281103110311,0.630963096309631,,,,15.28634626120381,,0.5423745846630483,"multi4, pos=hybrid, bin=on",legacy_multi4_qed_binning,outputs/final/exp_A8_multi4,,,,,,,1.3274339604907988,,0.31932969235602343,0.2992486512677214,,0.6773677367736773,,,,,0.0481152698285979,58.3937288392353,0.6502422603832105,1.0745786009878031,0.8160816081608161,,,,,,,0.19157486743822386,,0.4656017339366793,0.7449670670979565,,0.7961,,1.2326473776509221,0.0481152698285979,0.050704019298712086,0.630963096309631,,,,
complete_pass,,final,exp_B1_multi4,B1,multi4,42,alpha=5.0,avg_spearman_rho,,0.2741757005259984,,,0.81348200070007,0.5974597459745975,,,,28.74343173784263,,0.42587072828646116,"multi4, pos=prop, bin=on",legacy_multi4_qed_binning,outputs/final/exp_B1_multi4,,,,,,,1.8964531723177978,,-0.07633774565753017,-0.1253310025333607,,0.8917891789178918,,,,,-0.07633774565753017,111.90952814025913,0.3561104265480468,0.4763761494506075,0.7907790779077908,,,,,,,0.236147076049058,,0.20514953554306256,0.2950253232705675,,0.9739,,0.9315985627445339,0.6117805856704144,1.0574124429580303,0.5974597459745975,,,,
complete_fail,,final,exp_B2_multi4,B2,multi4,42,alpha=1.5,avg_spearman_rho,,-0.02287292981922278,,,0.040528022802280225,0.039903990399039906,,,,51.83398639281808,,-0.012359836516050327,"multi4, pos=hybrid, bin=on",legacy_multi4_qed_binning; quality_gate_failed,outputs/final/exp_B2_multi4,,,,,,,1.248757601353201,,0.0574774150964896,0.019228296913324176,,0.039903990399039906,,,,,-0.06921168136488277,204.8863757491289,-0.051527785729811156,-0.010999014696619293,0.0407040704070407,,,,,,,0.2478568165689338,,-0.06921168136488277,-0.023374952526778535,,0.0412,,0.9529554042213115,-0.028229667278686782,-0.03429367575412766,0.04030403040304031,,,,
complete_pass,,final,exp_B3_multi4,B3,multi4,42,alpha=5.0,avg_spearman_rho,,0.008835156694252583,,,0.9402954595459545,0.9347934793479348,,,,22.897679229472015,,0.011502327692398997,"multi4, pos=hybrid, bin=on",legacy_multi4_qed_binning,outputs/final/exp_B3_multi4,,,,,,,1.7382238508898527,,-0.009296887948960155,-0.014675375600686942,,0.9347934793479348,,,,,-0.009296887948960155,87.54367914588704,0.0013239209485636026,0.004669047755643503,0.944994499449945,,,,,,,0.3031691330393006,,0.04610464416264233,0.059105383841828826,,0.9428,,2.00564478807186,-0.002791050385235442,-0.0030897452271893945,0.9385938593859386,,,,
complete_pass,,final,exp_F_multi4,F,multi4,42,alpha=3.0,avg_spearman_rho,,0.36252678125870863,,,0.919668109310931,0.8809880988098809,,,,13.395945747660509,,0.5099995705556762,"multi4, pos=hybrid, bin=on",legacy_multi4_qed_binning,outputs/final/exp_F_multi4,,,,,,,1.411315566112396,,0.1477196935060338,0.14240235291356249,,0.8817881788178817,,,,,0.1477196935060338,50.88461971877735,0.6855931641307309,0.973090985957542,0.9615961596159616,,,,,,,0.18606978555319426,,0.44883212818757584,0.7092487198538244,,0.9543,,1.1017779201990938,0.1679621392104939,0.2152562234977761,0.8809880988098809,,,,
complete_pass,,final_phi,exp_C1_multi4,C1,multi4,42,alpha=3.0,avg_spearman_rho,,0.07638898426779953,,,0.8258335039278925,0.7682762899389929,,,,25.551358593274,,0.16353438244208174,"multi4, pos=hybrid, bin=on",legacy_multi4_qed_binning,outputs/final_phi/exp_C1_multi4,,,,,,,1.7033889792055064,,0.008839591310960626,0.07508681262910796,,0.7991799179917992,,,,,-0.1321583359216927,98.90326813928341,0.24513962351783394,0.47316849824282664,0.7780778077807781,,,,,,,0.24319831405655204,,0.18373505816409627,0.2448001472890448,,0.9578,,1.355578940550522,-0.1321583359216927,-0.13891792839265246,0.7682762899389929,,,,
complete_pass,,final_phi,exp_C2_multi4,C2,multi4,42,alpha=5.0,avg_spearman_rho,,0.10810032344684584,,,0.9262906408432869,0.8748747745942697,,,,22.91953548921749,,0.19166124861012865,"multi4, pos=hybrid, bin=on",legacy_multi4_qed_binning,outputs/final_phi/exp_C2_multi4,,,,,,,1.7496785334536449,,0.04243530785704514,0.025476311854556802,,0.920992099209921,,,,,-0.21985339788642652,88.09781730707863,0.2883400421279761,0.5399747800667148,0.9568956895689569,,,,,,,0.25467396644230184,,0.32147934168878867,0.5042719134118496,,0.9524,,1.5759721498953854,-0.21985339788642652,-0.30307801089260666,0.8748747745942697,,,,
complete_pass,,final_phi,exp_C3_multi4,C3,multi4,42,alpha=5.0,avg_spearman_rho,,0.11714479293991359,,,0.8872829574344516,0.8204820482048205,,,,22.946267455982312,,0.3019235659435063,"multi4, pos=hybrid, bin=on",legacy_multi4_qed_binning,outputs/final_phi/exp_C3_multi4,,,,,,,1.762749983689595,,-0.0441737275776313,-0.06263226055552366,,0.950995099509951,,,,,-0.19082789374660578,88.40241339775459,0.5300736494582606,1.3234654606995646,0.8204820482048205,,,,,,,0.22894543292462605,,0.17350714362563083,0.2076916299784172,,0.9412,,1.390961009560438,-0.19082789374660578,-0.2608305663484331,0.8364546820230345,,,,
complete_pass,,final_phi,exp_C4_multi4,C4,multi4,42,alpha=5.0,avg_spearman_rho,,0.325825853399537,,,0.8755628687868787,0.7465746574657466,,,,14.050792207820978,,0.4084075777287287,"multi4, pos=hybrid, bin=on",legacy_multi4_qed_binning,outputs/final_phi/exp_C4_multi4,,,,,,,1.671389681840389,,-0.08176300929328709,-0.11662186555706944,,0.9868986898689869,,,,,-0.08176300929328709,52.8126782481776,0.5820494808863802,0.542655250552928,0.7465746574657466,,,,,,,0.2055614899374885,,0.23155545734678418,0.3343752983804018,,0.9875,,1.513539411328434,0.5714614846582707,0.8732216275386543,0.7812781278127813,,,,
complete_pass,,final_phi,exp_C5_multi4,C5,multi4,42,alpha=5.0,avg_spearman_rho,,0.17460410953810696,,,0.9782734323432344,0.9758,,,,16.552625776942172,,0.19229824644328225,"multi4, pos=hybrid, bin=on",legacy_multi4_qed_binning,outputs/final_phi/exp_C5_multi4,,,,,,,1.5038295197125957,,0.12788797361085932,0.12666718481844327,,0.9764976497649765,,,,,-0.03238893196004681,63.12628827878517,0.3446463314688112,0.2768148159143909,0.9842984298429843,,,,,,,0.20363130011338654,,0.25827106503280417,0.38603900291594323,,0.9758,,1.3767540091575314,-0.03238893196004681,-0.02032801787564831,0.9764976497649765,,,,
complete_pass,,final_v2,exp_A2_multi4_v2,A2,multi4,42,alpha=5.0,avg_spearman_rho,,0.3767238710624815,,,0.9828732873287328,0.9785978597859786,,,,14.976630493475795,,0.49902362088147867,"multi4, pos=prop, bin=off, v2",,outputs/final_v2/exp_A2_multi4_v2,,,,,,,1.2822327905474176,,0.49644191844549934,0.6319877942681357,,0.982998299829983,,,,,0.18751885167192367,56.82896506896174,0.5523838392297493,0.7084250016197213,0.9826982698269827,,,,,,,0.24164999922168776,,0.18751885167192367,0.27991448884187375,,0.9785978597859786,,1.5536741151723352,0.2705508749027536,0.3757671987961839,0.9871987198719872,,,,
complete_pass,,final_v2,exp_A6_multi4_v2,A6,multi4,42,alpha=5.0,avg_spearman_rho,,0.5984688209865062,,,0.9321682168216822,0.8817881788178817,,,,15.967338163471432,,0.92878747450801,"multi4, pos=prop, bin=off, v2",,outputs/final_v2/exp_A6_multi4_v2,,,,,,,1.0588020445117945,,0.7082098926540538,0.9246362586548342,,0.9561956195619562,,,,,0.3667038134979589,61.194179204877315,0.7899698994848451,1.4750400389456548,0.8817881788178817,,,,,,,0.19751481408138052,,0.3667038134979589,0.5695334953074443,,0.9456945694569457,,1.418856590415236,0.528991678309167,0.745940105124107,0.944994499449945,,,,
complete_pass,,final_v2,exp_A8_multi4_v2,A8,multi4,42,alpha=5.0,avg_spearman_rho,,0.5798890606787159,,,0.7738773877387739,0.7278727872787278,,,,14.672729351662527,,0.8619450638034587,"multi4, pos=prop, bin=off, v2",,outputs/final_v2/exp_A8_multi4_v2,,,,,,,1.0422718410393081,,0.6815389753927309,0.846540838594349,,0.7921792179217921,,,,,0.3150506239548672,56.12307113371866,0.7932148162069731,1.370688181306222,0.7278727872787278,,,,,,,0.2067010071758331,,0.3150506239548672,0.47537940348138613,,0.7781778177817782,,1.318873424716309,0.5297518271602925,0.7551718318318776,0.7972797279727972,,,,
complete_pass,,final_v2,exp_B1_multi4_v2,B1,multi4,42,alpha=5.0,avg_spearman_rho,,0.37319084115863954,,,0.9772477247724773,0.9696969696969697,,,,16.2018504668083,,0.5261400720347783,"multi4, pos=prop, bin=off, v2",,outputs/final_v2/exp_B1_multi4_v2,,,,,,,1.3729336262899445,,0.505568018510141,0.714695457271083,,0.9785978597859786,,,,,0.18681009367621,61.713735932669216,0.51799445503363,0.720300421017507,0.978097809780978,,,,,,,0.24545630223465437,,0.18681009367621,0.26007255460545786,,0.9696969696969697,,1.475276006039385,0.2823907974145772,0.4094918552450652,0.9825982598259826,,,,
complete_pass,,final_v2,exp_B3_multi4_v2,B3,multi4,42,alpha=2.0,avg_spearman_rho,,-0.00779318605153697,,,0.9784728472847285,0.9756975697569757,,,,23.62571959335066,,-0.007495628074181907,"multi4, pos=prop, bin=off, v2",,outputs/final_v2/exp_B3_multi4_v2,,,,,,,1.6793571162431786,,-0.03632689056843845,-0.03847556422580262,,0.9796979697969797,,,,,-0.03632689056843845,91.16523107959601,0.01470511115848973,0.016631201161451493,0.9785978597859786,,,,,,,0.22439993469828587,,-0.01607830628231987,-0.017433643661661054,,0.9756975697569757,,1.4338902428651592,0.006527341486120716,0.009295494429284554,0.9798979897989799,,,,
complete_pass,,final_v2,exp_F_multi4_v2,F,multi4,42,alpha=5.0,avg_spearman_rho,,0.5595503604180686,,,0.9476447644764476,0.9145914591459146,,,,16.609527131825846,,0.8715556872112211,"multi4, pos=prop, bin=off, v2",,outputs/final_v2/exp_F_multi4_v2,,,,,,,1.0900213793998732,,0.6375531120332633,0.7821604501361444,,0.9628962896289629,,,,,0.32284493875495063,63.74840410997282,0.7897566954310852,1.489123695883284,0.9145914591459146,,,,,,,0.21511520196514966,,0.32284493875495063,0.5118206360566028,,0.9588958895889589,,1.3845678359655436,0.4880466954529754,0.7031179667688533,0.9541954195419542,,,,
complete_pass,,final_v2,exp_NoDrift_multi4_v2,NoDrift,multi4,42,alpha=1.5,avg_spearman_rho,,0.007717952065674087,,,0.982023202320232,0.9802980298029803,,,,22.22915789365921,,0.006052727905810762,"multi4, pos=prop, bin=off, v2",,outputs/final_v2/exp_NoDrift_multi4_v2,,,,,,,1.847107967341631,,0.002831092882262379,0.0006347688023158309,,0.9802980298029803,,,,,-0.005160271441986933,84.95117566207918,0.009436338955275611,0.013655315282546092,0.9810981098109811,,,,,,,0.2887593868381384,,-0.005160271441986933,-0.014033315438327037,,0.9840984098409841,,1.8295885583778904,0.023764647867145293,0.023954142976708163,0.9825982598259826,,,,
complete_pass,multi4_v2,multi4,pub_G4_multi4_v2_s42,G4,multi4,42,alpha=5.0,avg_spearman_rho,,0.4741555044095187,,,0.9888738873887388,0.985998599859986,,,,11.510161730783903,,0.6032514157946405,"multi4, pos=prop, bin=off",,outputs/publication/multi4/pub_G4_multi4_v2_s42,,,,,,,1.127336407517242,,0.5612402907141847,0.6210013976571772,,0.9903990399039904,,,,,0.25235849222164974,43.358319460101555,0.7045884110771091,0.9061232733486164,0.985998599859986,,,,,,,0.21599814834167033,,0.25235849222164974,0.3817003047648579,,0.9883988398839884,,1.3389929071751432,0.37843482362513114,0.5041806874079103,0.9906990699069907,,,,
complete_pass,paper_faithfulness_audit,audit,pub_P1_paper_tau_batch_lambda_qed_s42,P1_paper_tau_batch_lambda,qed,42,5.0,spearman_rho,0.29486781892867475,,0.9821000000000001,0.9824,,,1.0,0.9996946254071661,0.20634027687519943,,0.4500324579692749,,"qed, pos=prop, bin=on",,outputs/publication/audit/pub_P1_paper_tau_batch_lambda_qed_s42,0.5658524697377139,0.19512859843882735,0.09708535546508171,0.39→0.41 0.50→0.46 0.56→0.48 0.60→0.49 0.63→0.51 0.66→0.55 0.69→0.56 0.71→0.55 0.73→0.58 0.75→0.59 0.77→0.59 0.79→0.59 0.80→0.60 0.82→0.61 0.83→0.61 0.85→0.62 0.86→0.63 0.88→0.63 0.90→0.63 0.92→0.63,0.9029146445349183,0.23658031175764052,,,,,,,0.21841163568652575,0.28528765981087467,0.15153561156217682,0.992,,,,,,,,6510,0.25934521932806465,10000,0.31781840136353245,,,,,,,,,,,,,0.651,8.938411856320505e-200,0.7316631326235451
complete_pass,paper_faithfulness_audit,audit,pub_P2_paper_tau_fixed_lambda_qed_s42,P2_paper_tau_fixed_lambda,qed,42,2.0,spearman_rho,0.2976864861606756,,0.985,0.985,,,1.0,1.0,0.2079976181610177,,0.4499980217750942,,"qed, pos=prop, bin=on",,outputs/publication/audit/pub_P2_paper_tau_fixed_lambda_qed_s42,0.5655930278548525,0.19657556278623825,0.10205050558890363,0.39→0.42 0.50→0.46 0.56→0.48 0.60→0.51 0.63→0.51 0.66→0.52 0.69→0.55 0.71→0.56 0.73→0.56 0.75→0.58 0.77→0.59 0.79→0.61 0.80→0.60 0.82→0.60 0.83→0.61 0.85→0.62 0.86→0.63 0.88→0.63 0.90→0.64 0.92→0.64,0.8979494944110964,0.2363460655684891,,,,,,,0.2171004987716516,0.27639508206366636,0.15780591547963685,0.99,,,,,,,,6640,0.25769054434699123,10000,0.315454845730351,,,,,,,,,,,,,0.664,9.377842662265337e-204,0.7316631326235451
complete_pass,paper_faithfulness_audit,audit,pub_P3_no_cfg_qed_s42,P3_no_cfg,qed,42,1.5,spearman_rho,0.19599219415810354,,0.9847,0.9848,,,1.0,0.9998984565393989,0.20678312448587216,,0.2886230440059823,,"qed, pos=prop, bin=on",,outputs/publication/audit/pub_P3_no_cfg_qed_s42,0.5798279202162162,0.19164257981216767,0.10174281810843756,0.39→0.48 0.50→0.51 0.56→0.53 0.60→0.55 0.63→0.54 0.66→0.56 0.69→0.57 0.71→0.57 0.73→0.58 0.75→0.60 0.77→0.61 0.79→0.59 0.80→0.59 0.82→0.60 0.83→0.62 0.85→0.62 0.86→0.62 0.88→0.63 0.90→0.61 0.92→0.63,0.8982571818915625,0.3686530796914563,,,,,,,0.23474785516924093,0.2884669892361638,0.18102872110231805,0.994,,,,,,,,6627,0.264509899365623,10000,0.2075368020422887,,,,,,,,,,,,,0.6627,3.7043889417880696e-87,0.7316631326235451
complete_pass,paper_faithfulness_audit,audit,pub_P4_no_zdiv_qed_s42,P4_no_zdiv,qed,42,5.0,spearman_rho,0.3055503965908737,,0.7775,0.7776,,,1.0,0.9998713991769548,0.19649192962480874,,0.476611007225028,,"qed, pos=prop, bin=on",,outputs/publication/audit/pub_P4_no_zdiv_qed_s42,0.5767909941530693,0.19196843041919884,0.11186061365519567,0.39→0.41 0.50→0.46 0.56→0.48 0.60→0.51 0.63→0.50 0.66→0.53 0.69→0.56 0.71→0.57 0.73→0.61 0.75→0.62 0.77→0.62 0.79→0.63 0.80→0.64 0.82→0.63 0.83→0.63 0.85→0.63 0.86→0.63 0.88→0.63 0.90→0.63 0.92→0.62,0.8881393863448044,0.2280722915639425,,,,,,,0.22860817470287226,0.30272283033720526,0.15449351906853928,0.84,,,,,,,,4072,0.26803186796355283,10000,0.3421293877462656,,,,,,,,,,,,,0.4072,4.274752388588973e-215,0.7316631326235451
complete_pass,paper_faithfulness_audit,audit,pub_P5_y_only_norm_qed_s42,P5_y_only_norm,qed,42,5.0,spearman_rho,0.37703780866545333,,0.9809,0.981,,,1.0,0.9998980632008155,0.20971785779459898,,0.5640930024085067,,"qed, pos=prop, bin=on",,outputs/publication/audit/pub_P5_y_only_norm_qed_s42,0.5521459347239214,0.1966660205440115,0.10186301765143974,0.39→0.38 0.50→0.42 0.56→0.44 0.60→0.46 0.63→0.47 0.66→0.49 0.69→0.51 0.71→0.54 0.73→0.57 0.75→0.58 0.77→0.59 0.79→0.60 0.80→0.60 0.82→0.61 0.83→0.61 0.85→0.63 0.86→0.64 0.88→0.62 0.90→0.64 0.92→0.64,0.8981369823485603,0.13941988149069215,,,,,,,0.21596739850822277,0.2786617336478092,0.1532730633686363,0.99,,,,,,,,6373,0.25232456968213357,10000,0.39525512366032156,,,,,,,,,,,,,0.6373,0.0,0.7316631326235451
complete_pass,paper_faithfulness_audit,audit,pub_P6_no_cross_norm_qed_s42,P6_no_cross_norm,qed,42,3.0,spearman_rho,-0.0008441488790071732,,0.8991,0.8991,,,1.0,1.0,0.5151893713811302,,-0.0035999936642019154,,"qed, pos=prop, bin=on",,outputs/publication/audit/pub_P6_no_cross_norm_qed_s42,0.2202625037286632,0.1697710447402172,0.06695121950780536,0.39→0.22 0.50→0.22 0.56→0.23 0.60→0.21 0.63→0.22 0.66→0.21 0.69→0.23 0.71→0.21 0.73→0.22 0.75→0.23 0.77→0.22 0.79→0.21 0.80→0.21 0.82→0.23 0.83→0.23 0.85→0.22 0.86→0.22 0.88→0.21 0.90→0.22 0.92→0.22,0.9330487804921946,0.22289648637043832,,,,,,,0.45253587365492115,0.6992711847759409,0.20580056253390142,0.978,,,,,,,,5380,0.14055739751156032,10000,-0.00292209439581904,,,,,,,,,,,,,0.538,0.9327349484570919,0.7316631326235451
complete_pass,,final,exp_A1_qed,A1,qed,42,1.0,spearman_rho,0.4485016632311119,,0.9732,0.9732,,,1.0,1.0,0.39306989678421184,,0.4954979285633183,,"qed, pos=hybrid, bin=on",,outputs/final/exp_A1_qed,0.34874278304028694,0.199512255206756,0.12378073318124862,0.39→0.39 0.50→0.32 0.56→0.27 0.60→0.22 0.63→0.18 0.66→0.18 0.69→0.18 0.71→0.23 0.73→0.25 0.75→0.28 0.77→0.35 0.79→0.40 0.80→0.43 0.82→0.44 0.83→0.46 0.85→0.46 0.86→0.48 0.88→0.48 0.90→0.50 0.92→0.51,0.8762192668187514,-0.013794783580828132,,,,,,,0.27769808601702195,0.40954341606328504,0.1458527559707588,0.908,,,,,,,,7901,0.1933366290871358,10000,0.3422381279649495,,,,,,,,,,,,,0.7901,0.0,0.7316631326235451
complete_pass,,final,exp_A2_qed,A2,qed,42,5.0,spearman_rho,0.2864997467554469,,0.985,0.985,,,1.0,1.0,0.24456989608029153,,0.46062012552309023,,"qed, pos=prop, bin=on",,outputs/final/exp_A2_qed,0.5123555583626312,0.1932889526614234,0.08748723028170258,0.39→0.33 0.50→0.39 0.56→0.43 0.60→0.46 0.63→0.47 0.66→0.50 0.69→0.50 0.71→0.52 0.73→0.53 0.75→0.53 0.77→0.55 0.79→0.55 0.80→0.55 0.82→0.53 0.83→0.57 0.85→0.56 0.86→0.56 0.88→0.56 0.90→0.58 0.92→0.58,0.9125127697182974,0.17533679437295674,,,,,,,0.24930087905027645,0.33632898270783995,0.16227277539271295,0.992,,,,,,,,5744,0.23180354807828354,10000,0.32839157199671815,,,,,,,,,,,,,0.5744,3.167696034715959e-188,0.7316631326235451
complete_fail,,final,exp_A3_qed,A3,qed,42,3.0,spearman_rho,0.03133145842694617,,0.0033,0.0033,,,1.0,1.0,0.2735253967059548,,0.01564255827343273,,"qed, pos=hybrid, bin=on",quality_gate_failed,outputs/final/exp_A3_qed,0.4664914760983149,0.04711397882059116,0.3906468356309584,0.39→0.46 0.50→0.46 0.56→0.46 0.60→0.46 0.63→0.47 0.66→0.47 0.69→0.47 0.71→0.47 0.73→0.46 0.75→0.47 0.77→0.47 0.79→0.47 0.80→0.47 0.82→0.47 0.83→0.47 0.85→0.47 0.86→0.47 0.88→0.47 0.90→0.47 0.92→0.47,0.6093531643690415,0.45504639290972926,,,,,,,0.2636575280299083,0.4543122342387012,0.07300282182111534,0.026,,,,,,,,1,0.29617224772845707,10000,0.04575242579393683,,,,,,,,,,,,,0.0001,0.0017272113581759437,0.7316631326235451
complete_fail,,final,exp_A4_qed,A4,qed,42,3.0,spearman_rho,0.018629715080519034,,0.0031,0.0031,,,1.0,1.0,0.2728440163311638,,0.013772746519239251,,"qed, pos=hybrid, bin=on",quality_gate_failed,outputs/final/exp_A4_qed,0.46751356500667623,0.04720804604451195,0.41680022830305286,0.39→0.47 0.50→0.46 0.56→0.46 0.60→0.46 0.63→0.47 0.66→0.47 0.69→0.47 0.71→0.47 0.73→0.47 0.75→0.47 0.77→0.47 0.79→0.47 0.80→0.47 0.82→0.47 0.83→0.47 0.85→0.47 0.86→0.47 0.88→0.47 0.90→0.47 0.92→0.47,0.5831997716969471,0.45743655414358014,,,,,,,0.2650572418006022,0.45457502056476573,0.07553946303643866,0.024,,,,,,,,1,0.3012128892287892,10000,0.04020320306306558,,,,,,,,,,,,,0.0001,0.062476297652258976,0.7316631326235451
complete_pass,,final,exp_A6_qed,A6,qed,42,5.0,spearman_rho,0.5001711105454784,,0.9409,0.941,,,1.0,0.999893730074389,0.2044604269352088,,0.7925385042275508,,"qed, pos=hybrid, bin=on",,outputs/final/exp_A6_qed,0.5498670459225038,0.20623534498867224,0.10493997641231709,0.39→0.33 0.50→0.34 0.56→0.37 0.60→0.42 0.63→0.41 0.66→0.46 0.69→0.50 0.71→0.54 0.73→0.62 0.75→0.62 0.77→0.62 0.79→0.62 0.80→0.63 0.82→0.63 0.83→0.63 0.85→0.64 0.86→0.65 0.88→0.64 0.90→0.66 0.92→0.68,0.8950600235876829,-0.03000415880540476,,,,,,,0.19879024136716095,0.2446096499517771,0.15297083278254478,0.964,,,,,,,,5813,0.2612204893972648,10000,0.5295578369352769,,,,,,,,,,,,,0.5813,0.0,0.7316631326235451
complete_pass,,final,exp_A8_qed,A8,qed,42,5.0,spearman_rho,0.5099739901587724,,0.7406,0.7408,,,1.0,0.9997300215982722,0.1943558210613423,,0.8281283638135344,,"qed, pos=hybrid, bin=on",,outputs/final/exp_A8_qed,0.5680573890823087,0.21511163737937178,0.10780337683413783,0.39→0.35 0.50→0.38 0.56→0.39 0.60→0.39 0.63→0.41 0.66→0.46 0.69→0.50 0.71→0.58 0.73→0.63 0.75→0.63 0.77→0.63 0.79→0.63 0.80→0.64 0.82→0.65 0.83→0.66 0.85→0.68 0.86→0.68 0.88→0.68 0.90→0.69 0.92→0.69,0.8921966231658621,-0.03785360379991274,,,,,,,0.20304517786073445,0.22549244681712638,0.18059790890434252,0.77,,,,,,,,4592,0.2539350272029912,10000,0.5305054865877651,,,,,,,,,,,,,0.4592,0.0,0.7316631326235451
complete_pass,,final,exp_B1_qed,B1,qed,42,5.0,spearman_rho,0.2755709107913917,,0.9792,0.9792,,,1.0,1.0,0.2337292090348057,,0.4329172959544342,,"qed, pos=prop, bin=on",,outputs/final/exp_B1_qed,0.5224126215997545,0.17914653593764399,0.08799735449831902,0.39→0.34 0.50→0.41 0.56→0.43 0.60→0.46 0.63→0.49 0.66→0.50 0.69→0.53 0.71→0.54 0.73→0.54 0.75→0.57 0.77→0.55 0.79→0.54 0.80→0.57 0.82→0.56 0.83→0.56 0.85→0.57 0.86→0.57 0.88→0.56 0.90→0.57 0.92→0.58,0.912002645501681,0.205662996674819,,,,,,,0.24940432460769899,0.34333949876505077,0.1554691504503472,0.986,,,,,,,,4681,0.23780595067532323,10000,0.3330064522900917,,,,,,,,,,,,,0.4681,9.95290654537741e-174,0.7316631326235451
complete_fail,,final,exp_B2_qed,B2,qed,42,3.0,spearman_rho,0.00923543777460942,,0.0034,0.0034,,,1.0,1.0,0.27331008490814773,,0.004732651924879639,,"qed, pos=hybrid, bin=on",quality_gate_failed,outputs/final/exp_B2_qed,0.4672259411871768,0.044747484481852666,0.3929230939146282,0.39→0.47 0.50→0.46 0.56→0.46 0.60→0.46 0.63→0.46 0.66→0.47 0.69→0.47 0.71→0.47 0.73→0.47 0.75→0.47 0.77→0.47 0.79→0.47 0.80→0.47 0.82→0.47 0.83→0.47 0.85→0.47 0.86→0.47 0.88→0.47 0.90→0.46 0.92→0.46,0.6070769060853718,0.4637632342542029,,,,,,,0.2682018210928253,0.4583375612555118,0.07806608093013884,0.026,,,,,,,,1,0.27744755439861385,10000,0.014574446299273215,,,,,,,,,,,,,0.0001,0.35577377713264047,0.7316631326235451
complete_fail,,final,exp_B3_qed,B3,qed,42,3.0,spearman_rho,0.010906802033768672,,0.0033,0.0033,,,1.0,1.0,0.27206811644669604,,0.00989491958842555,,"qed, pos=hybrid, bin=on",quality_gate_failed,outputs/final/exp_B3_qed,0.46832469904036805,0.045469073827628624,0.3956886246969251,0.39→0.47 0.50→0.46 0.56→0.46 0.60→0.46 0.63→0.47 0.66→0.47 0.69→0.47 0.71→0.47 0.73→0.47 0.75→0.47 0.77→0.47 0.79→0.47 0.80→0.47 0.82→0.47 0.83→0.47 0.85→0.47 0.86→0.47 0.88→0.47 0.90→0.47 0.92→0.46,0.6043113753030749,0.46108495117724324,,,,,,,0.2656684892197303,0.4551413782026708,0.07619560023678977,0.03,,,,,,,,1,0.2827225182364595,10000,0.029988330418324396,,,,,,,,,,,,,0.0001,0.27545936487835904,0.7316631326235451
complete_pass,,final,exp_F_qed,F,qed,42,5.0,spearman_rho,0.49337721400829876,,0.9465,0.9465,,,1.0,1.0,0.19995665748415153,,0.7959309777760555,,"qed, pos=hybrid, bin=on",,outputs/final/exp_F_qed,0.5583928989808468,0.20936770476477629,0.1057136823559465,0.39→0.34 0.50→0.38 0.56→0.37 0.60→0.39 0.63→0.43 0.66→0.46 0.69→0.50 0.71→0.55 0.73→0.63 0.75→0.63 0.77→0.65 0.79→0.63 0.80→0.64 0.82→0.64 0.83→0.64 0.85→0.65 0.86→0.65 0.88→0.67 0.90→0.65 0.92→0.67,0.8942863176440535,-0.023960453570903123,,,,,,,0.21009206786196521,0.2470256517558433,0.1731584839680871,0.974,,,,,,,,5877,0.2572638645528283,10000,0.5238679652460801,,,,,,,,,,,,,0.5877,0.0,0.7316631326235451
complete_pass,,final,exp_G1_qed,G1,qed,42,3.0,spearman_rho,0.3678806336046061,,0.9871,0.9871,,,1.0,1.0,0.19906928124459536,,0.5764193819045885,,"qed, pos=hybrid, bin=on",,outputs/final/exp_G1_qed,0.5756519880595754,0.2028305305901031,0.10515631174768007,0.39→0.40 0.50→0.43 0.56→0.47 0.60→0.47 0.63→0.51 0.66→0.52 0.69→0.55 0.71→0.57 0.73→0.57 0.75→0.61 0.77→0.60 0.79→0.64 0.80→0.61 0.82→0.64 0.83→0.64 0.85→0.65 0.86→0.65 0.88→0.67 0.90→0.66 0.92→0.66,0.89484368825232,0.15390717739033685,,,,,,,0.21548344303825767,0.2613988550983574,0.16956803097815795,0.992,,,,,,,,6989,0.2686928285810579,10000,0.39161685449327904,,,,,,,,,,,,,0.6989,0.0,0.7316631326235451
complete_pass,,final,exp_G2_qed,G2,qed,42,5.0,spearman_rho,0.41539261889862084,,0.9783000000000001,0.9784,,,1.0,0.999897792313982,0.17329909381322706,,0.6320558537282455,,"qed, pos=hybrid, bin=on",,outputs/final/exp_G2_qed,0.6061085494278693,0.19923386602963292,0.11261577698164388,0.39→0.41 0.50→0.45 0.56→0.51 0.60→0.48 0.63→0.48 0.66→0.55 0.69→0.61 0.71→0.62 0.73→0.64 0.75→0.64 0.77→0.65 0.79→0.64 0.80→0.65 0.82→0.66 0.83→0.69 0.85→0.68 0.86→0.68 0.88→0.69 0.90→0.70 0.92→0.71,0.8873842230183562,0.14365658349601207,,,,,,,0.1888493199026843,0.2138200393795042,0.1638786004258644,0.984,,,,,,,,5673,0.302211071569479,10000,0.437168057306797,,,,,,,,,,,,,0.5673,0.0,0.7316631326235451
complete_pass,,final,exp_G3_qed,G3,qed,42,3.0,spearman_rho,0.3651889551975577,,0.987,0.987,,,1.0,1.0,0.20609175330383114,,0.5642989028133699,,"qed, pos=hybrid, bin=on",,outputs/final/exp_G3_qed,0.5643923680400686,0.20165102366274862,0.10330984020148833,0.39→0.40 0.50→0.43 0.56→0.45 0.60→0.46 0.63→0.48 0.66→0.50 0.69→0.54 0.71→0.56 0.73→0.57 0.75→0.60 0.77→0.62 0.79→0.61 0.80→0.62 0.82→0.61 0.83→0.63 0.85→0.64 0.86→0.65 0.88→0.64 0.90→0.65 0.92→0.65,0.8966901597985116,0.15151566507160916,,,,,,,0.2153542970944231,0.2746835664656305,0.15602502772321572,0.994,,,,,,,,6773,0.26458139623362525,10000,0.38562475104068766,,,,,,,,,,,,,0.6773,0.0,0.7316631326235451
complete_pass,,final,exp_G4_qed,G4,qed,42,5.0,spearman_rho,0.4381968160772172,,0.9811,0.9816,,,1.0,0.9994906275468622,0.17281843456550164,,0.6625883967954544,,"qed, pos=hybrid, bin=on",,outputs/final/exp_G4_qed,0.6010037008063498,0.19854201781508862,0.11042108607771718,0.39→0.41 0.50→0.43 0.56→0.48 0.60→0.48 0.63→0.48 0.66→0.55 0.69→0.59 0.71→0.61 0.73→0.62 0.75→0.64 0.77→0.65 0.79→0.65 0.80→0.66 0.82→0.66 0.83→0.67 0.85→0.68 0.86→0.68 0.88→0.70 0.90→0.71 0.92→0.70,0.8895789139222828,0.11621219876697512,,,,,,,0.18880830942320953,0.22375400710439577,0.15386261174202331,0.99,,,,,,,,5133,0.3019812436569538,10000,0.4598831750135068,,,,,,,,,,,,,0.5133,0.0,0.7316631326235451
complete_pass,,final_phi,exp_C1_qed,C1,qed,42,5.0,spearman_rho,0.2966171735498279,,0.9633,0.9633,,,1.0,1.0,0.24863674479682119,,0.4718123189079301,,"qed, pos=hybrid, bin=on",,outputs/final_phi/exp_C1_qed,0.5029248768378447,0.18462246048132921,0.07465312693950443,0.39→0.31 0.50→0.37 0.56→0.42 0.60→0.44 0.63→0.48 0.66→0.49 0.69→0.50 0.71→0.52 0.73→0.52 0.75→0.53 0.77→0.54 0.79→0.54 0.80→0.53 0.82→0.54 0.83→0.55 0.85→0.55 0.86→0.56 0.88→0.56 0.90→0.56 0.92→0.57,0.9253468730604956,0.15771719757528954,,,,,,,0.26330272778789043,0.35430026219646515,0.1723051933793157,0.974,,,,,,,,3773,0.24935367251702228,10000,0.35216068308922643,,,,,,,,,,,,,0.3773,3.0688372565772263e-202,0.7316631326235451
complete_pass,,final_phi,exp_C2_qed,C2,qed,42,5.0,spearman_rho,0.32879778769864515,,0.9485,0.9485,,,1.0,1.0,0.2590302301967201,,0.4993490382514367,,"qed, pos=hybrid, bin=on",,outputs/final_phi/exp_C2_qed,0.49931762788425477,0.1949005410436231,0.10819816769356098,0.39→0.37 0.50→0.38 0.56→0.38 0.60→0.41 0.63→0.42 0.66→0.44 0.69→0.47 0.71→0.49 0.73→0.52 0.75→0.53 0.77→0.54 0.79→0.54 0.80→0.55 0.82→0.54 0.83→0.55 0.85→0.57 0.86→0.58 0.88→0.57 0.90→0.58 0.92→0.58,0.8918018323064391,0.1339623462846542,,,,,,,0.26633866525872335,0.34258874251807175,0.19008858799937492,0.764,,,,,,,,4826,0.23050462202921615,10000,0.35305901008039847,,,,,,,,,,,,,0.4826,9.90266809454703e-251,0.7316631326235451
complete_pass,,final_phi,exp_C3_qed,C3,qed,42,5.0,spearman_rho,0.31191933608344147,,0.9716,0.9716,,,1.0,1.0,0.2441495865724596,,0.4992441570777078,,"qed, pos=hybrid, bin=on",,outputs/final_phi/exp_C3_qed,0.5099032927442643,0.190803817290259,0.0890275033193789,0.39→0.32 0.50→0.37 0.56→0.43 0.60→0.44 0.63→0.48 0.66→0.49 0.69→0.50 0.71→0.51 0.73→0.54 0.75→0.54 0.77→0.55 0.79→0.55 0.80→0.54 0.82→0.54 0.83→0.56 0.85→0.57 0.86→0.58 0.88→0.57 0.90→0.58 0.92→0.57,0.9109724966806211,0.14462474883278728,,,,,,,0.25908389976288365,0.35156360004367443,0.16660419948209285,0.986,,,,,,,,4735,0.24116678443551381,10000,0.3605637466083335,,,,,,,,,,,,,0.4735,1.5290290713560781e-224,0.7316631326235451
complete_pass,,final_phi,exp_C4_qed,C4,qed,42,3.0,spearman_rho,0.28073139183668655,,0.9875,0.9875,,,1.0,1.0,0.20018346109018567,,0.4316869574606194,,"qed, pos=hybrid, bin=on",,outputs/final_phi/exp_C4_qed,0.5820645972126642,0.19773267857618868,0.10169339911429084,0.39→0.43 0.50→0.48 0.56→0.50 0.60→0.52 0.63→0.54 0.66→0.55 0.69→0.57 0.71→0.57 0.73→0.59 0.75→0.60 0.77→0.60 0.79→0.60 0.80→0.62 0.82→0.63 0.83→0.61 0.85→0.64 0.86→0.64 0.88→0.66 0.90→0.65 0.92→0.64,0.8983066008857091,0.2662151656043005,,,,,,,0.21761321522099117,0.2806347084878217,0.15459172195416065,0.994,,,,,,,,6482,0.2714458795724559,10000,0.30084763661502073,,,,,,,,,,,,,0.6482,1.7164488782895573e-180,0.7316631326235451
complete_pass,,final_phi,exp_C5_qed,C5,qed,42,5.0,spearman_rho,0.2964371010809636,,0.9775,0.9775,,,1.0,1.0,0.2022513289073293,,0.449435970829368,,"qed, pos=hybrid, bin=on",,outputs/final_phi/exp_C5_qed,0.5774498112487667,0.19707561686790595,0.10648734876449553,0.39→0.43 0.50→0.48 0.56→0.50 0.60→0.52 0.63→0.51 0.66→0.54 0.69→0.56 0.71→0.56 0.73→0.58 0.75→0.59 0.77→0.62 0.79→0.60 0.80→0.61 0.82→0.62 0.83→0.62 0.85→0.63 0.86→0.63 0.88→0.65 0.90→0.65 0.92→0.66,0.8935126512355045,0.24861408091804735,,,,,,,0.21214441344589763,0.26011228140054476,0.16417654549125046,0.988,,,,,,,,6338,0.27171120633192064,10000,0.31426141379133177,,,,,,,,,,,,,0.6338,5.513657059583773e-202,0.7316631326235451
complete_pass,qed_3seed,seeds,pub_A6_qed_s43,A6,qed,43,5.0,spearman_rho,0.49961013859922193,,0.9504,0.9504,,,1.0,1.0,0.20559263227843116,,0.8052755821431321,,"qed, pos=hybrid, bin=on",,outputs/publication/seeds/pub_A6_qed_s43,0.54743927779166,0.20813339161381977,0.10504943689242191,0.39→0.31 0.50→0.35 0.56→0.37 0.60→0.40 0.63→0.42 0.66→0.46 0.69→0.49 0.71→0.54 0.73→0.61 0.75→0.61 0.77→0.62 0.79→0.63 0.80→0.63 0.82→0.63 0.83→0.63 0.85→0.64 0.86→0.65 0.88→0.65 0.90→0.65 0.92→0.66,0.894950563107578,-0.04175117726443322,,,,,,,0.20810732473205162,0.2621221187558168,0.15409253070828643,0.976,,,,,,,,5922,0.2563300545680047,10000,0.5331616401811312,,,,,,,,,,,,,0.5922,0.0,0.7316631326235451
complete_pass,qed_3seed,seeds,pub_A6_qed_s44,A6,qed,44,5.0,spearman_rho,0.5451541668261358,,0.9517,0.9518,,,1.0,0.9998949359109056,0.20895266068577847,,0.8947327784038474,,"qed, pos=hybrid, bin=on",,outputs/publication/seeds/pub_A6_qed_s44,0.5412660009824797,0.2140268757698186,0.10306557107054068,0.39→0.28 0.50→0.33 0.56→0.35 0.60→0.38 0.63→0.39 0.66→0.43 0.69→0.47 0.71→0.49 0.73→0.62 0.75→0.62 0.77→0.62 0.79→0.63 0.80→0.63 0.82→0.64 0.83→0.66 0.85→0.66 0.86→0.66 0.88→0.65 0.90→0.65 0.92→0.66,0.8969344289294593,-0.11337698652544763,,,,,,,0.21411408940835225,0.2617058052448991,0.1665223735718054,0.964,,,,,,,,5903,0.25418804027784286,10000,0.5760778301698348,,,,,,,,,,,,,0.5903,0.0,0.7316631326235451
complete_pass,qed_3seed,seeds,pub_A8_qed_s43,A8,qed,43,5.0,spearman_rho,0.5113401548408985,,0.8002,0.8004,,,1.0,0.9997501249375312,0.18528346884580274,,0.8564904850033735,,"qed, pos=hybrid, bin=on",,outputs/publication/seeds/pub_A8_qed_s43,0.5787589129914193,0.2128325988068503,0.11454330396304756,0.39→0.31 0.50→0.39 0.56→0.41 0.60→0.41 0.63→0.44 0.66→0.47 0.69→0.48 0.71→0.56 0.73→0.65 0.75→0.66 0.77→0.66 0.79→0.67 0.80→0.68 0.82→0.68 0.83→0.68 0.85→0.68 0.86→0.68 0.88→0.69 0.90→0.68 0.92→0.68,0.8854566960369524,-0.04790359832840863,,,,,,,0.21463429451640692,0.24426852153449408,0.18500006749831976,0.788,,,,,,,,4962,0.2638153838179219,10000,0.5545497587885757,,,,,,,,,,,,,0.4962,0.0,0.7316631326235451
complete_pass,qed_3seed,seeds,pub_A8_qed_s44,A8,qed,44,5.0,spearman_rho,0.5187080435308951,,0.7847000000000001,0.7848,,,1.0,0.9998725790010193,0.19879810145604282,,0.8503086953024862,,"qed, pos=hybrid, bin=on",,outputs/publication/seeds/pub_A8_qed_s44,0.5588276349049134,0.21209395502441167,0.11218683981690195,0.39→0.31 0.50→0.36 0.56→0.39 0.60→0.39 0.63→0.42 0.66→0.47 0.69→0.50 0.71→0.56 0.73→0.61 0.75→0.61 0.77→0.63 0.79→0.62 0.80→0.65 0.82→0.63 0.83→0.64 0.85→0.67 0.86→0.68 0.88→0.67 0.90→0.68 0.92→0.69,0.8878131601830981,-0.06331188879714311,,,,,,,0.20418869508357926,0.23181099316353446,0.17656639700362406,0.826,,,,,,,,4921,0.2581810692553853,10000,0.5524646006314836,,,,,,,,,,,,,0.4921,0.0,0.7316631326235451
complete_pass,qed_3seed,seeds,pub_F_qed_s43,F,qed,43,5.0,spearman_rho,0.523610226260488,,0.9428,0.9429,,,1.0,0.9998939442146569,0.20912186107309452,,0.8529814311718195,,"qed, pos=hybrid, bin=on",,outputs/publication/seeds/pub_F_qed_s43,0.5443285313079025,0.21181280953773937,0.10927073772451137,0.39→0.31 0.50→0.34 0.56→0.36 0.60→0.37 0.63→0.39 0.66→0.43 0.69→0.46 0.71→0.53 0.73→0.62 0.75→0.63 0.77→0.64 0.79→0.63 0.80→0.64 0.82→0.63 0.83→0.63 0.85→0.65 0.86→0.65 0.88→0.65 0.90→0.65 0.92→0.66,0.8907292622754887,-0.07976653469298582,,,,,,,0.2084530974770307,0.25528071629588556,0.16162547865817584,0.956,,,,,,,,5668,0.26214620561555013,10000,0.5549367447468766,,,,,,,,,,,,,0.5668,0.0,0.7316631326235451
complete_pass,qed_3seed,seeds,pub_F_qed_s44,F,qed,44,5.0,spearman_rho,0.5190756181166697,,0.9405,0.9406,,,1.0,0.9998936848819903,0.2063471554560835,,0.847811303479598,,"qed, pos=hybrid, bin=on",,outputs/publication/seeds/pub_F_qed_s44,0.5479253636099712,0.21284923597059024,0.10267749840521909,0.39→0.30 0.50→0.36 0.56→0.36 0.60→0.39 0.63→0.41 0.66→0.46 0.69→0.46 0.71→0.50 0.73→0.61 0.75→0.63 0.77→0.63 0.79→0.64 0.80→0.62 0.82→0.65 0.83→0.64 0.85→0.65 0.86→0.65 0.88→0.65 0.90→0.67 0.92→0.66,0.8973225015947809,-0.0723869105675627,,,,,,,0.2113895080787198,0.2556076624019095,0.1671713537555301,0.936,,,,,,,,5829,0.26300128774745185,10000,0.5488873641405738,,,,,,,,,,,,,0.5829,0.0,0.7316631326235451
complete_pass,qed_3seed,seeds,pub_G4_qed_s43,G4,qed,43,5.0,spearman_rho,0.4441721810421899,,0.9865999999999999,0.9869,,,1.0,0.9996960178336204,0.17427731925527823,,0.6772582459132401,,"qed, pos=hybrid, bin=on",,outputs/publication/seeds/pub_G4_qed_s43,0.599182338167313,0.19964358347751035,0.11095210618737412,0.39→0.39 0.50→0.44 0.56→0.47 0.60→0.46 0.63→0.47 0.66→0.54 0.69→0.59 0.71→0.61 0.73→0.63 0.75→0.64 0.77→0.63 0.79→0.64 0.80→0.67 0.82→0.67 0.83→0.67 0.85→0.68 0.86→0.68 0.88→0.69 0.90→0.70 0.92→0.70,0.8890478938126258,0.10365744836730474,,,,,,,0.1835602392543394,0.21978077921341552,0.14733969929526325,0.992,,,,,,,,5363,0.305824217123802,10000,0.46747142716382284,,,,,,,,,,,,,0.5363,0.0,0.7316631326235451
complete_pass,qed_3seed,seeds,pub_G4_qed_s44,G4,qed,44,5.0,spearman_rho,0.4526062519358193,,0.9789,0.979,,,1.0,0.9998978549540347,0.16754954830437876,,0.6639679606173783,,"qed, pos=hybrid, bin=on",,outputs/publication/seeds/pub_G4_qed_s44,0.6028907458891284,0.19360150809859406,0.11064487858731534,0.39→0.40 0.50→0.45 0.56→0.46 0.60→0.48 0.63→0.48 0.66→0.57 0.69→0.59 0.71→0.60 0.73→0.62 0.75→0.64 0.77→0.65 0.79→0.64 0.80→0.66 0.82→0.65 0.83→0.67 0.85→0.68 0.86→0.69 0.88→0.72 0.90→0.70 0.92→0.71,0.8893551214126847,0.1170898678621507,,,,,,,0.18239444405903937,0.2103595963675222,0.15442929175055659,0.99,,,,,,,,4652,0.3067130932807692,10000,0.47260086630406506,,,,,,,,,,,,,0.4652,0.0,0.7316631326235451
complete_pass,zdiv_pareto,zdiv,pub_G4_qed_zdiv0p0_s42,G4,qed,42,5.0,spearman_rho,0.43441927065463626,,0.9604,0.9607,,,1.0,0.9996877276985532,0.16771872016897169,,0.6900177690275002,,"qed, pos=hybrid, bin=on",,outputs/publication/zdiv/pub_G4_qed_zdiv0p0_s42,0.6115773512326587,0.2020617636537773,0.11143562069687186,0.39→0.39 0.50→0.42 0.56→0.48 0.60→0.48 0.63→0.53 0.66→0.56 0.69→0.62 0.71→0.64 0.73→0.65 0.75→0.65 0.77→0.65 0.79→0.66 0.80→0.67 0.82→0.68 0.83→0.68 0.85→0.69 0.86→0.70 0.88→0.69 0.90→0.71 0.92→0.72,0.8885643793031281,0.10671678878008786,,,,,,,0.17901186482872608,0.20553872540568566,0.1524850042517665,0.976,,,,,,,,5289,0.31243802435798934,10000,0.4705786954840221,,,,,,,,,,,,,0.5289,0.0,0.7316631326235451
complete_pass,zdiv_pareto,zdiv,pub_G4_qed_zdiv0p5_s42,G4,qed,42,5.0,spearman_rho,0.454205004277332,,0.9807999999999999,0.9813,,,1.0,0.9994904718230918,0.1749742854260474,,0.6889980158319732,,"qed, pos=hybrid, bin=on",,outputs/publication/zdiv/pub_G4_qed_zdiv0p5_s42,0.596348571623109,0.20049686152591492,0.11172230245074075,0.39→0.39 0.50→0.42 0.56→0.47 0.60→0.47 0.63→0.47 0.66→0.54 0.69→0.59 0.71→0.60 0.73→0.61 0.75→0.64 0.77→0.64 0.79→0.65 0.80→0.66 0.82→0.65 0.83→0.67 0.85→0.68 0.86→0.68 0.88→0.69 0.90→0.70 0.92→0.70,0.8882776975492592,0.09223412498808074,,,,,,,0.18523988736519156,0.21702537593446786,0.15345439879591527,0.99,,,,,,,,5408,0.30508742425773183,10000,0.47355073889471905,,,,,,,,,,,,,0.5408,0.0,0.7316631326235451
complete_pass,zdiv_pareto,zdiv,pub_G4_qed_zdiv1p0_s42,G4,qed,42,3.0,spearman_rho,0.4328101165613635,,0.9807999999999999,0.9813,,,1.0,0.9994904718230918,0.17243201785748138,,0.6542564151588574,,"qed, pos=hybrid, bin=on",,outputs/publication/zdiv/pub_G4_qed_zdiv1p0_s42,0.6025525512491815,0.19797946702831756,0.11357725545402496,0.39→0.40 0.50→0.44 0.56→0.49 0.60→0.48 0.63→0.47 0.66→0.55 0.69→0.59 0.71→0.60 0.73→0.63 0.75→0.64 0.77→0.64 0.79→0.66 0.80→0.66 0.82→0.66 0.83→0.69 0.85→0.67 0.86→0.68 0.88→0.70 0.90→0.70 0.92→0.71,0.886422744545975,0.12385725299500148,,,,,,,0.1885123951039691,0.21199127825396488,0.16503351195397334,0.992,,,,,,,,5252,0.30085597375051903,10000,0.4553904985489584,,,,,,,,,,,,,0.5252,0.0,0.7316631326235451
complete_pass,zdiv_pareto,zdiv,pub_G4_qed_zdiv2p0_s42,G4,qed,42,5.0,spearman_rho,0.4381968160772172,,0.9811,0.9816,,,1.0,0.9994906275468622,0.17281843456550164,,0.6625883967954544,,"qed, pos=hybrid, bin=on",,outputs/publication/zdiv/pub_G4_qed_zdiv2p0_s42,0.6010037008063498,0.19854201781508862,0.11042108607771718,0.39→0.41 0.50→0.43 0.56→0.48 0.60→0.48 0.63→0.48 0.66→0.55 0.69→0.59 0.71→0.61 0.73→0.62 0.75→0.64 0.77→0.65 0.79→0.65 0.80→0.66 0.82→0.66 0.83→0.67 0.85→0.68 0.86→0.68 0.88→0.70 0.90→0.71 0.92→0.70,0.8895789139222828,0.11621219876697512,,,,,,,0.18880830942320953,0.22375400710439577,0.15386261174202331,0.99,,,,,,,,5133,0.30503331840381137,10000,0.4598831750135068,,,,,,,,,,,,,0.5133,0.0,0.7316631326235451
complete_pass,zdiv_pareto,zdiv,pub_G4_qed_zdiv4p0_s42,G4,qed,42,3.0,spearman_rho,0.4555490896842386,,0.9801,0.9806,,,1.0,0.9994901080970834,0.17152856851046078,,0.6984723577053503,,"qed, pos=hybrid, bin=on",,outputs/publication/zdiv/pub_G4_qed_zdiv4p0_s42,0.6000069265323748,0.20023825540121595,0.1108552977182684,0.39→0.38 0.50→0.43 0.56→0.48 0.60→0.46 0.63→0.48 0.66→0.54 0.69→0.59 0.71→0.60 0.73→0.62 0.75→0.64 0.77→0.64 0.79→0.64 0.80→0.65 0.82→0.66 0.83→0.67 0.85→0.68 0.86→0.69 0.88→0.70 0.90→0.72 0.92→0.70,0.8891447022817316,0.08896045324272489,,,,,,,0.1878618823335999,0.22249056115787885,0.15323320350932093,0.99,,,,,,,,5187,0.30114412257019485,10000,0.4806824840113374,,,,,,,,,,,,,0.5187,0.0,0.7316631326235451
complete_pass,,final,exp_A1_uncond,A1,uncond,42,alpha=5.0,vun,,,0.9531,0.9531,,,1.0,1.0,,,,,"uncond, pos=prop, bin=off",,outputs/final/exp_A1_uncond,,,,,0.8898080168036253,,,3.722283978000003,,,1.818705383636163,,,,,,,,,,,352.62579760000017,97.10287973306893,,,,,,0.4926587398228389,,,0.17057591820574292,,5.275722482158876,,,,,0.9230324825778853,,,
complete_pass,,final,exp_A2_uncond,A2,uncond,42,alpha=3.0,vun,,,0.982,0.982,,,1.0,1.0,,,,,"uncond, pos=prop, bin=off",,outputs/final/exp_A2_uncond,,,,,0.9033045908351042,,,2.6337387250000015,,,1.6611606656255045,,,,,,,,,,,270.5421001,79.1128382365826,,,,,,0.532123715264689,,,0.18154110632680573,,4.246358840866169,,,,,0.9840730521903484,,,
complete_pass,,final,exp_A3_uncond,A3,uncond,42,alpha=2.0,vun,,,0.0105,0.0105,,,1.0,1.0,,,,,"uncond, pos=prop, bin=off",,outputs/final/exp_A3_uncond,,,,,0.684737585748807,,,2.5347236100000012,,,1.3620643667960668,,,,,,,,,,,124.26427949999999,34.30161834295547,,,,,,0.48179496452391524,,,0.05507730919208199,,2.148967677723314,,,,,0.6097544148230593,,,
complete_pass,,final,exp_A4_uncond,A4,uncond,42,alpha=2.0,vun,,,0.011,0.011,,,1.0,1.0,,,,,"uncond, pos=prop, bin=off",,outputs/final/exp_A4_uncond,,,,,0.7058950506121467,,,2.5847702700000017,,,1.341025462925716,,,,,,,,,,,125.11864759999997,33.697791303443225,,,,,,0.48433465755835997,,,0.05510278278085054,,2.1523317364250665,,,,,0.600161832963603,,,
complete_pass,,final,exp_A6_uncond,A6,uncond,42,alpha=1.0,vun,,,0.9554,0.9555,,,1.0,0.9998953427524856,,,,,"uncond, pos=prop, bin=off",,outputs/final/exp_A6_uncond,,,,,0.8872524897815278,,,2.748250983000001,,,1.4106930269106623,,,,,,,,,,,302.14780270000006,74.63572600242045,,,,,,0.5833302430501576,,,0.18724244939591564,,4.1056825077572485,,,,,1.0202056367250145,,,
complete_pass,,final,exp_A8_uncond,A8,uncond,42,alpha=2.0,vun,,,0.0778,0.0778,,,1.0,1.0,,,,,"uncond, pos=prop, bin=off",,outputs/final/exp_A8_uncond,,,,,0.8513314399669449,,,3.2502038110000018,,,1.3291135636191929,,,,,,,,,,,315.39223150000004,63.307438265694444,,,,,,0.6282636113307811,,,0.19578885838034218,,3.7591927343258345,,,,,0.9588441132744363,,,
complete_pass,,final,exp_B1_uncond,B1,uncond,42,alpha=3.0,vun,,,0.9711,0.9712,,,1.0,0.9998970345963756,,,,,"uncond, pos=prop, bin=off",,outputs/final/exp_B1_uncond,,,,,0.8996599060986392,,,2.5710539330000013,,,1.7055579295949777,,,,,,,,,,,243.38298679999997,75.33046224739519,,,,,,0.5425047471096676,,,0.16428530005307282,,3.928040224520202,,,,,1.005526089600112,,,
complete_pass,,final,exp_B3_uncond,B3,uncond,42,alpha=3.0,vun,,,0.9764,0.9764,,,1.0,1.0,,,,,"uncond, pos=prop, bin=off",,outputs/final/exp_B3_uncond,,,,,0.9033058966260104,,,3.083694021000002,,,1.72061296896805,,,,,,,,,,,266.4381535,73.47267554999712,,,,,,0.5620589415242462,,,0.17068871066129812,,4.321751702515707,,,,,0.9913700237806552,,,
complete_pass,,final,exp_F_uncond,F,uncond,42,alpha=3.0,vun,,,0.9639,0.964,,,1.0,0.999896265560166,,,,,"uncond, pos=prop, bin=off",,outputs/final/exp_F_uncond,,,,,0.8900862777172807,,,2.7098968920000015,,,1.4153144229856645,,,,,,,,,,,297.96384660000007,75.8036318760419,,,,,,0.5855324268404399,,,0.1898952854538109,,4.055499044470146,,,,,0.986882708931256,,,
complete_pass,,final_phi,exp_C1_uncond,C1,uncond,42,alpha=1.0,vun,,,0.974,0.9741,,,1.0,0.9998973411354071,,,,,"uncond, pos=prop, bin=off",,outputs/final_phi/exp_C1_uncond,,,,,0.9106394853798986,,,2.446431070000002,,,1.7023004904144212,,,,,,,,,,,258.06534810000005,86.45555558230097,,,,,,0.5008210792874511,,,0.1850007307821193,,4.133519571223907,,,,,1.0400953442133234,,,
complete_pass,,final_phi,exp_C2_uncond,C2,uncond,42,alpha=2.0,vun,,,0.9684,0.9686,,,1.0,0.999793516415445,,,,,"uncond, pos=prop, bin=off",,outputs/final_phi/exp_C2_uncond,,,,,0.9070420313069293,,,2.6444020160000012,,,1.6537812181810085,,,,,,,,,,,253.8025867,79.75340506548224,,,,,,0.5274037525772661,,,0.17049422347695,,4.0392478826254585,,,,,1.0711461354914427,,,
complete_pass,,final_phi,exp_C3_uncond,C3,uncond,42,alpha=1.5,vun,,,0.9848999999999999,0.985,,,1.0,0.9998984771573604,,,,,"uncond, pos=prop, bin=off",,outputs/final_phi/exp_C3_uncond,,,,,0.9076116618896084,,,2.636897321000002,,,1.6104830273582944,,,,,,,,,,,262.82694330000004,75.4071677047447,,,,,,0.5447572227192718,,,0.17698221118967422,,4.1152741828997685,,,,,1.02263641804455,,,
complete_pass,,final_phi,exp_C4_uncond,C4,uncond,42,alpha=1.0,vun,,,0.9873,0.9873,,,1.0,1.0,,,,,"uncond, pos=prop, bin=off",,outputs/final_phi/exp_C4_uncond,,,,,0.8960392556248216,,,2.6241427210000015,,,1.4756297363354702,,,,,,,,,,,298.21320060000005,77.49736306496995,,,,,,0.5672570586207939,,,0.1907259723233132,,4.163824194115031,,,,,1.0172931353847559,,,
complete_pass,,final_phi,exp_C5_uncond,C5,uncond,42,alpha=1.0,vun,,,0.9844,0.9844,,,1.0,1.0,,,,,"uncond, pos=prop, bin=off",,outputs/final_phi/exp_C5_uncond,,,,,0.896846366784321,,,2.6696044290000014,,,1.5098417502269164,,,,,,,,,,,299.26036160000007,81.06616272506092,,,,,,0.5608699990306292,,,0.1906669804883892,,4.171066689803698,,,,,1.0381045326500984,,,
